﻿<?xml version="1.0" encoding="utf-8"?>
<helpItems schema="maml" xmlns="http://msh">
  <command:command xmlns:maml="http://schemas.microsoft.com/maml/2004/10" xmlns:command="http://schemas.microsoft.com/maml/dev/command/2004/10" xmlns:dev="http://schemas.microsoft.com/maml/dev/2004/10" xmlns:MSHelp="http://msdn.microsoft.com/mshelp">
    <command:details>
      <command:name>Compress-Archive</command:name>
      <command:verb>Compress</command:verb>
      <command:noun>Archive</command:noun>
      <maml:description>
        <maml:para>Creates a compressed archive, or zipped file, from specified files and directories.</maml:para>
      </maml:description>
    </command:details>
    <maml:description>
      <maml:para>The `Compress-Archive` cmdlet creates a compressed, or zipped, archive file from one or more specified files or directories. An archive packages multiple files, with optional compression, into a single zipped file for easier distribution and storage. An archive file can be compressed by using the compression algorithm specified by the CompressionLevel parameter.</maml:para>
      <maml:para>The `Compress-Archive` cmdlet uses the Microsoft .NET API System.IO.Compression.ZipArchive (/dotnet/api/system.io.compression.ziparchive)to compress files. The maximum file size is 2 GB because there's a limitation of the underlying API.</maml:para>
      <maml:para>Some examples use splatting to reduce the line length of the code samples. For more information, see about_Splatting (../Microsoft.PowerShell.Core/About/about_Splatting.md).</maml:para>
    </maml:description>
    <command:syntax>
      <command:syntaxItem>
        <maml:name>Compress-Archive</maml:name>
        <command:parameter required="true" variableLength="true" globbing="true" pipelineInput="True (ByPropertyName, ByValue)" position="0" aliases="none">
          <maml:name>Path</maml:name>
          <maml:Description>
            <maml:para>Specifies the path or paths to the files that you want to add to the archive zipped file. To specify multiple paths, and include files in multiple locations, use commas to separate the paths.</maml:para>
            <maml:para>This parameter accepts wildcard characters. Wildcard characters allow you to add all files in a directory to your archive file.</maml:para>
            <maml:para>Using wildcards with a root directory affects the archive's contents:</maml:para>
            <maml:para>- To create an archive that includes the root directory, and all its files and subdirectories,   specify the root directory in the Path without wildcards. For example: `-Path C:\Reference` - To create an archive that excludes the root directory, but zips all its files and   subdirectories, use the asterisk (` `) wildcard. For example: `-Path C:\Reference\ ` - To create an archive that only zips the files in the root directory, use the star-dot-star (` . `) wildcard. Subdirectories of the root aren't included in the archive. For example:   `-Path C:\Reference\ . `</maml:para>
          </maml:Description>
          <command:parameterValue required="true" variableLength="false">String[]</command:parameterValue>
          <dev:type>
            <maml:name>String[]</maml:name>
            <maml:uri />
          </dev:type>
          <dev:defaultValue>None</dev:defaultValue>
        </command:parameter>
        <command:parameter required="true" variableLength="true" globbing="false" pipelineInput="False" position="1" aliases="none">
          <maml:name>DestinationPath</maml:name>
          <maml:Description>
            <maml:para>This parameter is required and specifies the path to the archive output file. The DestinationPath should include the name of the zipped file, and either the absolute or relative path to the zipped file.</maml:para>
            <maml:para>If the file name in DestinationPath doesn't have a `.zip` file name extension, the cmdlet adds the `.zip` file name extension.</maml:para>
          </maml:Description>
          <command:parameterValue required="true" variableLength="false">String</command:parameterValue>
          <dev:type>
            <maml:name>String</maml:name>
            <maml:uri />
          </dev:type>
          <dev:defaultValue>None</dev:defaultValue>
        </command:parameter>
        <command:parameter required="false" variableLength="true" globbing="false" pipelineInput="False" position="named" aliases="none">
          <maml:name>CompressionLevel</maml:name>
          <maml:Description>
            <maml:para>Specifies how much compression to apply when you're creating the archive file. Faster compression requires less time to create the file, but can result in larger file sizes.</maml:para>
            <maml:para>If this parameter isn't specified, the command uses the default value, Optimal .</maml:para>
            <maml:para>The following are the acceptable values for this parameter:</maml:para>
            <maml:para>- Fastest . Use the fastest compression method available to reduce processing time. Faster   compression can result in larger file sizes. - NoCompression . Doesn't compress the source files. - Optimal . Processing time is dependent on file size.</maml:para>
          </maml:Description>
          <command:parameterValueGroup>
            <command:parameterValue required="false" command:variableLength="false">Optimal</command:parameterValue>
            <command:parameterValue required="false" command:variableLength="false">NoCompression</command:parameterValue>
            <command:parameterValue required="false" command:variableLength="false">Fastest</command:parameterValue>
          </command:parameterValueGroup>
          <command:parameterValue required="true" variableLength="false">String</command:parameterValue>
          <dev:type>
            <maml:name>String</maml:name>
            <maml:uri />
          </dev:type>
          <dev:defaultValue>Optimal</dev:defaultValue>
        </command:parameter>
        <command:parameter required="false" variableLength="true" globbing="false" pipelineInput="False" position="named" aliases="cf">
          <maml:name>Confirm</maml:name>
          <maml:Description>
            <maml:para>Prompts you for confirmation before running the cmdlet.</maml:para>
          </maml:Description>
          <dev:type>
            <maml:name>SwitchParameter</maml:name>
            <maml:uri />
          </dev:type>
          <dev:defaultValue>False</dev:defaultValue>
        </command:parameter>
        <command:parameter required="true" variableLength="true" globbing="false" pipelineInput="False" position="named" aliases="none">
          <maml:name>Force</maml:name>
          <maml:Description>
            <maml:para>Forces the command to run without asking for user confirmation.</maml:para>
          </maml:Description>
          <dev:type>
            <maml:name>SwitchParameter</maml:name>
            <maml:uri />
          </dev:type>
          <dev:defaultValue>False</dev:defaultValue>
        </command:parameter>
        <command:parameter required="false" variableLength="true" globbing="false" pipelineInput="False" position="named" aliases="none">
          <maml:name>PassThru</maml:name>
          <maml:Description>
            <maml:para>Causes the cmdlet to output a file object representing the archive file created.</maml:para>
            <maml:para>This parameter was introduced in PowerShell 6.0.</maml:para>
          </maml:Description>
          <dev:type>
            <maml:name>SwitchParameter</maml:name>
            <maml:uri />
          </dev:type>
          <dev:defaultValue>False</dev:defaultValue>
        </command:parameter>
        <command:parameter required="false" variableLength="true" globbing="false" pipelineInput="False" position="named" aliases="wi">
          <maml:name>WhatIf</maml:name>
          <maml:Description>
            <maml:para>Shows what would happen if the cmdlet runs. The cmdlet isn't run.</maml:para>
          </maml:Description>
          <dev:type>
            <maml:name>SwitchParameter</maml:name>
            <maml:uri />
          </dev:type>
          <dev:defaultValue>False</dev:defaultValue>
        </command:parameter>
      </command:syntaxItem>
      <command:syntaxItem>
        <maml:name>Compress-Archive</maml:name>
        <command:parameter required="true" variableLength="true" globbing="false" pipelineInput="False" position="1" aliases="none">
          <maml:name>DestinationPath</maml:name>
          <maml:Description>
            <maml:para>This parameter is required and specifies the path to the archive output file. The DestinationPath should include the name of the zipped file, and either the absolute or relative path to the zipped file.</maml:para>
            <maml:para>If the file name in DestinationPath doesn't have a `.zip` file name extension, the cmdlet adds the `.zip` file name extension.</maml:para>
          </maml:Description>
          <command:parameterValue required="true" variableLength="false">String</command:parameterValue>
          <dev:type>
            <maml:name>String</maml:name>
            <maml:uri />
          </dev:type>
          <dev:defaultValue>None</dev:defaultValue>
        </command:parameter>
        <command:parameter required="false" variableLength="true" globbing="false" pipelineInput="False" position="named" aliases="none">
          <maml:name>CompressionLevel</maml:name>
          <maml:Description>
            <maml:para>Specifies how much compression to apply when you're creating the archive file. Faster compression requires less time to create the file, but can result in larger file sizes.</maml:para>
            <maml:para>If this parameter isn't specified, the command uses the default value, Optimal .</maml:para>
            <maml:para>The following are the acceptable values for this parameter:</maml:para>
            <maml:para>- Fastest . Use the fastest compression method available to reduce processing time. Faster   compression can result in larger file sizes. - NoCompression . Doesn't compress the source files. - Optimal . Processing time is dependent on file size.</maml:para>
          </maml:Description>
          <command:parameterValueGroup>
            <command:parameterValue required="false" command:variableLength="false">Optimal</command:parameterValue>
            <command:parameterValue required="false" command:variableLength="false">NoCompression</command:parameterValue>
            <command:parameterValue required="false" command:variableLength="false">Fastest</command:parameterValue>
          </command:parameterValueGroup>
          <command:parameterValue required="true" variableLength="false">String</command:parameterValue>
          <dev:type>
            <maml:name>String</maml:name>
            <maml:uri />
          </dev:type>
          <dev:defaultValue>Optimal</dev:defaultValue>
        </command:parameter>
        <command:parameter required="false" variableLength="true" globbing="false" pipelineInput="False" position="named" aliases="cf">
          <maml:name>Confirm</maml:name>
          <maml:Description>
            <maml:para>Prompts you for confirmation before running the cmdlet.</maml:para>
          </maml:Description>
          <dev:type>
            <maml:name>SwitchParameter</maml:name>
            <maml:uri />
          </dev:type>
          <dev:defaultValue>False</dev:defaultValue>
        </command:parameter>
        <command:parameter required="true" variableLength="true" globbing="false" pipelineInput="False" position="named" aliases="none">
          <maml:name>Force</maml:name>
          <maml:Description>
            <maml:para>Forces the command to run without asking for user confirmation.</maml:para>
          </maml:Description>
          <dev:type>
            <maml:name>SwitchParameter</maml:name>
            <maml:uri />
          </dev:type>
          <dev:defaultValue>False</dev:defaultValue>
        </command:parameter>
        <command:parameter required="true" variableLength="true" globbing="false" pipelineInput="True (ByPropertyName)" position="named" aliases="PSPath">
          <maml:name>LiteralPath</maml:name>
          <maml:Description>
            <maml:para>Specifies the path or paths to the files that you want to add to the archive zipped file. Unlike the Path parameter, the value of LiteralPath is used exactly as it's typed. No characters are interpreted as wildcards. If the path includes escape characters, enclose each escape character in single quotation marks, to instruct PowerShell not to interpret any characters as escape sequences. To specify multiple paths, and include files in multiple locations in your output zipped file, use commas to separate the paths.</maml:para>
          </maml:Description>
          <command:parameterValue required="true" variableLength="false">String[]</command:parameterValue>
          <dev:type>
            <maml:name>String[]</maml:name>
            <maml:uri />
          </dev:type>
          <dev:defaultValue>None</dev:defaultValue>
        </command:parameter>
        <command:parameter required="false" variableLength="true" globbing="false" pipelineInput="False" position="named" aliases="none">
          <maml:name>PassThru</maml:name>
          <maml:Description>
            <maml:para>Causes the cmdlet to output a file object representing the archive file created.</maml:para>
            <maml:para>This parameter was introduced in PowerShell 6.0.</maml:para>
          </maml:Description>
          <dev:type>
            <maml:name>SwitchParameter</maml:name>
            <maml:uri />
          </dev:type>
          <dev:defaultValue>False</dev:defaultValue>
        </command:parameter>
        <command:parameter required="false" variableLength="true" globbing="false" pipelineInput="False" position="named" aliases="wi">
          <maml:name>WhatIf</maml:name>
          <maml:Description>
            <maml:para>Shows what would happen if the cmdlet runs. The cmdlet isn't run.</maml:para>
          </maml:Description>
          <dev:type>
            <maml:name>SwitchParameter</maml:name>
            <maml:uri />
          </dev:type>
          <dev:defaultValue>False</dev:defaultValue>
        </command:parameter>
      </command:syntaxItem>
      <command:syntaxItem>
        <maml:name>Compress-Archive</maml:name>
        <command:parameter required="true" variableLength="true" globbing="false" pipelineInput="False" position="1" aliases="none">
          <maml:name>DestinationPath</maml:name>
          <maml:Description>
            <maml:para>This parameter is required and specifies the path to the archive output file. The DestinationPath should include the name of the zipped file, and either the absolute or relative path to the zipped file.</maml:para>
            <maml:para>If the file name in DestinationPath doesn't have a `.zip` file name extension, the cmdlet adds the `.zip` file name extension.</maml:para>
          </maml:Description>
          <command:parameterValue required="true" variableLength="false">String</command:parameterValue>
          <dev:type>
            <maml:name>String</maml:name>
            <maml:uri />
          </dev:type>
          <dev:defaultValue>None</dev:defaultValue>
        </command:parameter>
        <command:parameter required="false" variableLength="true" globbing="false" pipelineInput="False" position="named" aliases="none">
          <maml:name>CompressionLevel</maml:name>
          <maml:Description>
            <maml:para>Specifies how much compression to apply when you're creating the archive file. Faster compression requires less time to create the file, but can result in larger file sizes.</maml:para>
            <maml:para>If this parameter isn't specified, the command uses the default value, Optimal .</maml:para>
            <maml:para>The following are the acceptable values for this parameter:</maml:para>
            <maml:para>- Fastest . Use the fastest compression method available to reduce processing time. Faster   compression can result in larger file sizes. - NoCompression . Doesn't compress the source files. - Optimal . Processing time is dependent on file size.</maml:para>
          </maml:Description>
          <command:parameterValueGroup>
            <command:parameterValue required="false" command:variableLength="false">Optimal</command:parameterValue>
            <command:parameterValue required="false" command:variableLength="false">NoCompression</command:parameterValue>
            <command:parameterValue required="false" command:variableLength="false">Fastest</command:parameterValue>
          </command:parameterValueGroup>
          <command:parameterValue required="true" variableLength="false">String</command:parameterValue>
          <dev:type>
            <maml:name>String</maml:name>
            <maml:uri />
          </dev:type>
          <dev:defaultValue>Optimal</dev:defaultValue>
        </command:parameter>
        <command:parameter required="false" variableLength="true" globbing="false" pipelineInput="False" position="named" aliases="cf">
          <maml:name>Confirm</maml:name>
          <maml:Description>
            <maml:para>Prompts you for confirmation before running the cmdlet.</maml:para>
          </maml:Description>
          <dev:type>
            <maml:name>SwitchParameter</maml:name>
            <maml:uri />
          </dev:type>
          <dev:defaultValue>False</dev:defaultValue>
        </command:parameter>
        <command:parameter required="true" variableLength="true" globbing="false" pipelineInput="True (ByPropertyName)" position="named" aliases="PSPath">
          <maml:name>LiteralPath</maml:name>
          <maml:Description>
            <maml:para>Specifies the path or paths to the files that you want to add to the archive zipped file. Unlike the Path parameter, the value of LiteralPath is used exactly as it's typed. No characters are interpreted as wildcards. If the path includes escape characters, enclose each escape character in single quotation marks, to instruct PowerShell not to interpret any characters as escape sequences. To specify multiple paths, and include files in multiple locations in your output zipped file, use commas to separate the paths.</maml:para>
          </maml:Description>
          <command:parameterValue required="true" variableLength="false">String[]</command:parameterValue>
          <dev:type>
            <maml:name>String[]</maml:name>
            <maml:uri />
          </dev:type>
          <dev:defaultValue>None</dev:defaultValue>
        </command:parameter>
        <command:parameter required="false" variableLength="true" globbing="false" pipelineInput="False" position="named" aliases="none">
          <maml:name>PassThru</maml:name>
          <maml:Description>
            <maml:para>Causes the cmdlet to output a file object representing the archive file created.</maml:para>
            <maml:para>This parameter was introduced in PowerShell 6.0.</maml:para>
          </maml:Description>
          <dev:type>
            <maml:name>SwitchParameter</maml:name>
            <maml:uri />
          </dev:type>
          <dev:defaultValue>False</dev:defaultValue>
        </command:parameter>
        <command:parameter required="true" variableLength="true" globbing="false" pipelineInput="False" position="named" aliases="none">
          <maml:name>Update</maml:name>
          <maml:Description>
            <maml:para>Updates the specified archive by replacing older file versions in the archive with newer file versions that have the same names. You can also add this parameter to add files to an existing archive.</maml:para>
          </maml:Description>
          <dev:type>
            <maml:name>SwitchParameter</maml:name>
            <maml:uri />
          </dev:type>
          <dev:defaultValue>False</dev:defaultValue>
        </command:parameter>
        <command:parameter required="false" variableLength="true" globbing="false" pipelineInput="False" position="named" aliases="wi">
          <maml:name>WhatIf</maml:name>
          <maml:Description>
            <maml:para>Shows what would happen if the cmdlet runs. The cmdlet isn't run.</maml:para>
          </maml:Description>
          <dev:type>
            <maml:name>SwitchParameter</maml:name>
            <maml:uri />
          </dev:type>
          <dev:defaultValue>False</dev:defaultValue>
        </command:parameter>
      </command:syntaxItem>
      <command:syntaxItem>
        <maml:name>Compress-Archive</maml:name>
        <command:parameter required="true" variableLength="true" globbing="false" pipelineInput="False" position="1" aliases="none">
          <maml:name>DestinationPath</maml:name>
          <maml:Description>
            <maml:para>This parameter is required and specifies the path to the archive output file. The DestinationPath should include the name of the zipped file, and either the absolute or relative path to the zipped file.</maml:para>
            <maml:para>If the file name in DestinationPath doesn't have a `.zip` file name extension, the cmdlet adds the `.zip` file name extension.</maml:para>
          </maml:Description>
          <command:parameterValue required="true" variableLength="false">String</command:parameterValue>
          <dev:type>
            <maml:name>String</maml:name>
            <maml:uri />
          </dev:type>
          <dev:defaultValue>None</dev:defaultValue>
        </command:parameter>
        <command:parameter required="false" variableLength="true" globbing="false" pipelineInput="False" position="named" aliases="none">
          <maml:name>CompressionLevel</maml:name>
          <maml:Description>
            <maml:para>Specifies how much compression to apply when you're creating the archive file. Faster compression requires less time to create the file, but can result in larger file sizes.</maml:para>
            <maml:para>If this parameter isn't specified, the command uses the default value, Optimal .</maml:para>
            <maml:para>The following are the acceptable values for this parameter:</maml:para>
            <maml:para>- Fastest . Use the fastest compression method available to reduce processing time. Faster   compression can result in larger file sizes. - NoCompression . Doesn't compress the source files. - Optimal . Processing time is dependent on file size.</maml:para>
          </maml:Description>
          <command:parameterValueGroup>
            <command:parameterValue required="false" command:variableLength="false">Optimal</command:parameterValue>
            <command:parameterValue required="false" command:variableLength="false">NoCompression</command:parameterValue>
            <command:parameterValue required="false" command:variableLength="false">Fastest</command:parameterValue>
          </command:parameterValueGroup>
          <command:parameterValue required="true" variableLength="false">String</command:parameterValue>
          <dev:type>
            <maml:name>String</maml:name>
            <maml:uri />
          </dev:type>
          <dev:defaultValue>Optimal</dev:defaultValue>
        </command:parameter>
        <command:parameter required="false" variableLength="true" globbing="false" pipelineInput="False" position="named" aliases="cf">
          <maml:name>Confirm</maml:name>
          <maml:Description>
            <maml:para>Prompts you for confirmation before running the cmdlet.</maml:para>
          </maml:Description>
          <dev:type>
            <maml:name>SwitchParameter</maml:name>
            <maml:uri />
          </dev:type>
          <dev:defaultValue>False</dev:defaultValue>
        </command:parameter>
        <command:parameter required="true" variableLength="true" globbing="false" pipelineInput="True (ByPropertyName)" position="named" aliases="PSPath">
          <maml:name>LiteralPath</maml:name>
          <maml:Description>
            <maml:para>Specifies the path or paths to the files that you want to add to the archive zipped file. Unlike the Path parameter, the value of LiteralPath is used exactly as it's typed. No characters are interpreted as wildcards. If the path includes escape characters, enclose each escape character in single quotation marks, to instruct PowerShell not to interpret any characters as escape sequences. To specify multiple paths, and include files in multiple locations in your output zipped file, use commas to separate the paths.</maml:para>
          </maml:Description>
          <command:parameterValue required="true" variableLength="false">String[]</command:parameterValue>
          <dev:type>
            <maml:name>String[]</maml:name>
            <maml:uri />
          </dev:type>
          <dev:defaultValue>None</dev:defaultValue>
        </command:parameter>
        <command:parameter required="false" variableLength="true" globbing="false" pipelineInput="False" position="named" aliases="none">
          <maml:name>PassThru</maml:name>
          <maml:Description>
            <maml:para>Causes the cmdlet to output a file object representing the archive file created.</maml:para>
            <maml:para>This parameter was introduced in PowerShell 6.0.</maml:para>
          </maml:Description>
          <dev:type>
            <maml:name>SwitchParameter</maml:name>
            <maml:uri />
          </dev:type>
          <dev:defaultValue>False</dev:defaultValue>
        </command:parameter>
        <command:parameter required="false" variableLength="true" globbing="false" pipelineInput="False" position="named" aliases="wi">
          <maml:name>WhatIf</maml:name>
          <maml:Description>
            <maml:para>Shows what would happen if the cmdlet runs. The cmdlet isn't run.</maml:para>
          </maml:Description>
          <dev:type>
            <maml:name>SwitchParameter</maml:name>
            <maml:uri />
          </dev:type>
          <dev:defaultValue>False</dev:defaultValue>
        </command:parameter>
      </command:syntaxItem>
      <command:syntaxItem>
        <maml:name>Compress-Archive</maml:name>
        <command:parameter required="true" variableLength="true" globbing="true" pipelineInput="True (ByPropertyName, ByValue)" position="0" aliases="none">
          <maml:name>Path</maml:name>
          <maml:Description>
            <maml:para>Specifies the path or paths to the files that you want to add to the archive zipped file. To specify multiple paths, and include files in multiple locations, use commas to separate the paths.</maml:para>
            <maml:para>This parameter accepts wildcard characters. Wildcard characters allow you to add all files in a directory to your archive file.</maml:para>
            <maml:para>Using wildcards with a root directory affects the archive's contents:</maml:para>
            <maml:para>- To create an archive that includes the root directory, and all its files and subdirectories,   specify the root directory in the Path without wildcards. For example: `-Path C:\Reference` - To create an archive that excludes the root directory, but zips all its files and   subdirectories, use the asterisk (` `) wildcard. For example: `-Path C:\Reference\ ` - To create an archive that only zips the files in the root directory, use the star-dot-star (` . `) wildcard. Subdirectories of the root aren't included in the archive. For example:   `-Path C:\Reference\ . `</maml:para>
          </maml:Description>
          <command:parameterValue required="true" variableLength="false">String[]</command:parameterValue>
          <dev:type>
            <maml:name>String[]</maml:name>
            <maml:uri />
          </dev:type>
          <dev:defaultValue>None</dev:defaultValue>
        </command:parameter>
        <command:parameter required="true" variableLength="true" globbing="false" pipelineInput="False" position="1" aliases="none">
          <maml:name>DestinationPath</maml:name>
          <maml:Description>
            <maml:para>This parameter is required and specifies the path to the archive output file. The DestinationPath should include the name of the zipped file, and either the absolute or relative path to the zipped file.</maml:para>
            <maml:para>If the file name in DestinationPath doesn't have a `.zip` file name extension, the cmdlet adds the `.zip` file name extension.</maml:para>
          </maml:Description>
          <command:parameterValue required="true" variableLength="false">String</command:parameterValue>
          <dev:type>
            <maml:name>String</maml:name>
            <maml:uri />
          </dev:type>
          <dev:defaultValue>None</dev:defaultValue>
        </command:parameter>
        <command:parameter required="false" variableLength="true" globbing="false" pipelineInput="False" position="named" aliases="none">
          <maml:name>CompressionLevel</maml:name>
          <maml:Description>
            <maml:para>Specifies how much compression to apply when you're creating the archive file. Faster compression requires less time to create the file, but can result in larger file sizes.</maml:para>
            <maml:para>If this parameter isn't specified, the command uses the default value, Optimal .</maml:para>
            <maml:para>The following are the acceptable values for this parameter:</maml:para>
            <maml:para>- Fastest . Use the fastest compression method available to reduce processing time. Faster   compression can result in larger file sizes. - NoCompression . Doesn't compress the source files. - Optimal . Processing time is dependent on file size.</maml:para>
          </maml:Description>
          <command:parameterValueGroup>
            <command:parameterValue required="false" command:variableLength="false">Optimal</command:parameterValue>
            <command:parameterValue required="false" command:variableLength="false">NoCompression</command:parameterValue>
            <command:parameterValue required="false" command:variableLength="false">Fastest</command:parameterValue>
          </command:parameterValueGroup>
          <command:parameterValue required="true" variableLength="false">String</command:parameterValue>
          <dev:type>
            <maml:name>String</maml:name>
            <maml:uri />
          </dev:type>
          <dev:defaultValue>Optimal</dev:defaultValue>
        </command:parameter>
        <command:parameter required="false" variableLength="true" globbing="false" pipelineInput="False" position="named" aliases="cf">
          <maml:name>Confirm</maml:name>
          <maml:Description>
            <maml:para>Prompts you for confirmation before running the cmdlet.</maml:para>
          </maml:Description>
          <dev:type>
            <maml:name>SwitchParameter</maml:name>
            <maml:uri />
          </dev:type>
          <dev:defaultValue>False</dev:defaultValue>
        </command:parameter>
        <command:parameter required="false" variableLength="true" globbing="false" pipelineInput="False" position="named" aliases="none">
          <maml:name>PassThru</maml:name>
          <maml:Description>
            <maml:para>Causes the cmdlet to output a file object representing the archive file created.</maml:para>
            <maml:para>This parameter was introduced in PowerShell 6.0.</maml:para>
          </maml:Description>
          <dev:type>
            <maml:name>SwitchParameter</maml:name>
            <maml:uri />
          </dev:type>
          <dev:defaultValue>False</dev:defaultValue>
        </command:parameter>
        <command:parameter required="false" variableLength="true" globbing="false" pipelineInput="False" position="named" aliases="wi">
          <maml:name>WhatIf</maml:name>
          <maml:Description>
            <maml:para>Shows what would happen if the cmdlet runs. The cmdlet isn't run.</maml:para>
          </maml:Description>
          <dev:type>
            <maml:name>SwitchParameter</maml:name>
            <maml:uri />
          </dev:type>
          <dev:defaultValue>False</dev:defaultValue>
        </command:parameter>
      </command:syntaxItem>
      <command:syntaxItem>
        <maml:name>Compress-Archive</maml:name>
        <command:parameter required="true" variableLength="true" globbing="true" pipelineInput="True (ByPropertyName, ByValue)" position="0" aliases="none">
          <maml:name>Path</maml:name>
          <maml:Description>
            <maml:para>Specifies the path or paths to the files that you want to add to the archive zipped file. To specify multiple paths, and include files in multiple locations, use commas to separate the paths.</maml:para>
            <maml:para>This parameter accepts wildcard characters. Wildcard characters allow you to add all files in a directory to your archive file.</maml:para>
            <maml:para>Using wildcards with a root directory affects the archive's contents:</maml:para>
            <maml:para>- To create an archive that includes the root directory, and all its files and subdirectories,   specify the root directory in the Path without wildcards. For example: `-Path C:\Reference` - To create an archive that excludes the root directory, but zips all its files and   subdirectories, use the asterisk (` `) wildcard. For example: `-Path C:\Reference\ ` - To create an archive that only zips the files in the root directory, use the star-dot-star (` . `) wildcard. Subdirectories of the root aren't included in the archive. For example:   `-Path C:\Reference\ . `</maml:para>
          </maml:Description>
          <command:parameterValue required="true" variableLength="false">String[]</command:parameterValue>
          <dev:type>
            <maml:name>String[]</maml:name>
            <maml:uri />
          </dev:type>
          <dev:defaultValue>None</dev:defaultValue>
        </command:parameter>
        <command:parameter required="true" variableLength="true" globbing="false" pipelineInput="False" position="1" aliases="none">
          <maml:name>DestinationPath</maml:name>
          <maml:Description>
            <maml:para>This parameter is required and specifies the path to the archive output file. The DestinationPath should include the name of the zipped file, and either the absolute or relative path to the zipped file.</maml:para>
            <maml:para>If the file name in DestinationPath doesn't have a `.zip` file name extension, the cmdlet adds the `.zip` file name extension.</maml:para>
          </maml:Description>
          <command:parameterValue required="true" variableLength="false">String</command:parameterValue>
          <dev:type>
            <maml:name>String</maml:name>
            <maml:uri />
          </dev:type>
          <dev:defaultValue>None</dev:defaultValue>
        </command:parameter>
        <command:parameter required="false" variableLength="true" globbing="false" pipelineInput="False" position="named" aliases="none">
          <maml:name>CompressionLevel</maml:name>
          <maml:Description>
            <maml:para>Specifies how much compression to apply when you're creating the archive file. Faster compression requires less time to create the file, but can result in larger file sizes.</maml:para>
            <maml:para>If this parameter isn't specified, the command uses the default value, Optimal .</maml:para>
            <maml:para>The following are the acceptable values for this parameter:</maml:para>
            <maml:para>- Fastest . Use the fastest compression method available to reduce processing time. Faster   compression can result in larger file sizes. - NoCompression . Doesn't compress the source files. - Optimal . Processing time is dependent on file size.</maml:para>
          </maml:Description>
          <command:parameterValueGroup>
            <command:parameterValue required="false" command:variableLength="false">Optimal</command:parameterValue>
            <command:parameterValue required="false" command:variableLength="false">NoCompression</command:parameterValue>
            <command:parameterValue required="false" command:variableLength="false">Fastest</command:parameterValue>
          </command:parameterValueGroup>
          <command:parameterValue required="true" variableLength="false">String</command:parameterValue>
          <dev:type>
            <maml:name>String</maml:name>
            <maml:uri />
          </dev:type>
          <dev:defaultValue>Optimal</dev:defaultValue>
        </command:parameter>
        <command:parameter required="false" variableLength="true" globbing="false" pipelineInput="False" position="named" aliases="cf">
          <maml:name>Confirm</maml:name>
          <maml:Description>
            <maml:para>Prompts you for confirmation before running the cmdlet.</maml:para>
          </maml:Description>
          <dev:type>
            <maml:name>SwitchParameter</maml:name>
            <maml:uri />
          </dev:type>
          <dev:defaultValue>False</dev:defaultValue>
        </command:parameter>
        <command:parameter required="false" variableLength="true" globbing="false" pipelineInput="False" position="named" aliases="none">
          <maml:name>PassThru</maml:name>
          <maml:Description>
            <maml:para>Causes the cmdlet to output a file object representing the archive file created.</maml:para>
            <maml:para>This parameter was introduced in PowerShell 6.0.</maml:para>
          </maml:Description>
          <dev:type>
            <maml:name>SwitchParameter</maml:name>
            <maml:uri />
          </dev:type>
          <dev:defaultValue>False</dev:defaultValue>
        </command:parameter>
        <command:parameter required="true" variableLength="true" globbing="false" pipelineInput="False" position="named" aliases="none">
          <maml:name>Update</maml:name>
          <maml:Description>
            <maml:para>Updates the specified archive by replacing older file versions in the archive with newer file versions that have the same names. You can also add this parameter to add files to an existing archive.</maml:para>
          </maml:Description>
          <dev:type>
            <maml:name>SwitchParameter</maml:name>
            <maml:uri />
          </dev:type>
          <dev:defaultValue>False</dev:defaultValue>
        </command:parameter>
        <command:parameter required="false" variableLength="true" globbing="false" pipelineInput="False" position="named" aliases="wi">
          <maml:name>WhatIf</maml:name>
          <maml:Description>
            <maml:para>Shows what would happen if the cmdlet runs. The cmdlet isn't run.</maml:para>
          </maml:Description>
          <dev:type>
            <maml:name>SwitchParameter</maml:name>
            <maml:uri />
          </dev:type>
          <dev:defaultValue>False</dev:defaultValue>
        </command:parameter>
      </command:syntaxItem>
    </command:syntax>
    <command:parameters>
      <command:parameter required="false" variableLength="true" globbing="false" pipelineInput="False" position="named" aliases="none">
        <maml:name>CompressionLevel</maml:name>
        <maml:Description>
          <maml:para>Specifies how much compression to apply when you're creating the archive file. Faster compression requires less time to create the file, but can result in larger file sizes.</maml:para>
          <maml:para>If this parameter isn't specified, the command uses the default value, Optimal .</maml:para>
          <maml:para>The following are the acceptable values for this parameter:</maml:para>
          <maml:para>- Fastest . Use the fastest compression method available to reduce processing time. Faster   compression can result in larger file sizes. - NoCompression . Doesn't compress the source files. - Optimal . Processing time is dependent on file size.</maml:para>
        </maml:Description>
        <command:parameterValue required="true" variableLength="false">String</command:parameterValue>
        <dev:type>
          <maml:name>String</maml:name>
          <maml:uri />
        </dev:type>
        <dev:defaultValue>Optimal</dev:defaultValue>
      </command:parameter>
      <command:parameter required="false" variableLength="true" globbing="false" pipelineInput="False" position="named" aliases="cf">
        <maml:name>Confirm</maml:name>
        <maml:Description>
          <maml:para>Prompts you for confirmation before running the cmdlet.</maml:para>
        </maml:Description>
        <command:parameterValue required="false" variableLength="false">SwitchParameter</command:parameterValue>
        <dev:type>
          <maml:name>SwitchParameter</maml:name>
          <maml:uri />
        </dev:type>
        <dev:defaultValue>False</dev:defaultValue>
      </command:parameter>
      <command:parameter required="true" variableLength="true" globbing="false" pipelineInput="False" position="1" aliases="none">
        <maml:name>DestinationPath</maml:name>
        <maml:Description>
          <maml:para>This parameter is required and specifies the path to the archive output file. The DestinationPath should include the name of the zipped file, and either the absolute or relative path to the zipped file.</maml:para>
          <maml:para>If the file name in DestinationPath doesn't have a `.zip` file name extension, the cmdlet adds the `.zip` file name extension.</maml:para>
        </maml:Description>
        <command:parameterValue required="true" variableLength="false">String</command:parameterValue>
        <dev:type>
          <maml:name>String</maml:name>
          <maml:uri />
        </dev:type>
        <dev:defaultValue>None</dev:defaultValue>
      </command:parameter>
      <command:parameter required="true" variableLength="true" globbing="false" pipelineInput="False" position="named" aliases="none">
        <maml:name>Force</maml:name>
        <maml:Description>
          <maml:para>Forces the command to run without asking for user confirmation.</maml:para>
        </maml:Description>
        <command:parameterValue required="false" variableLength="false">SwitchParameter</command:parameterValue>
        <dev:type>
          <maml:name>SwitchParameter</maml:name>
          <maml:uri />
        </dev:type>
        <dev:defaultValue>False</dev:defaultValue>
      </command:parameter>
      <command:parameter required="true" variableLength="true" globbing="false" pipelineInput="True (ByPropertyName)" position="named" aliases="PSPath">
        <maml:name>LiteralPath</maml:name>
        <maml:Description>
          <maml:para>Specifies the path or paths to the files that you want to add to the archive zipped file. Unlike the Path parameter, the value of LiteralPath is used exactly as it's typed. No characters are interpreted as wildcards. If the path includes escape characters, enclose each escape character in single quotation marks, to instruct PowerShell not to interpret any characters as escape sequences. To specify multiple paths, and include files in multiple locations in your output zipped file, use commas to separate the paths.</maml:para>
        </maml:Description>
        <command:parameterValue required="true" variableLength="false">String[]</command:parameterValue>
        <dev:type>
          <maml:name>String[]</maml:name>
          <maml:uri />
        </dev:type>
        <dev:defaultValue>None</dev:defaultValue>
      </command:parameter>
      <command:parameter required="false" variableLength="true" globbing="false" pipelineInput="False" position="named" aliases="none">
        <maml:name>PassThru</maml:name>
        <maml:Description>
          <maml:para>Causes the cmdlet to output a file object representing the archive file created.</maml:para>
          <maml:para>This parameter was introduced in PowerShell 6.0.</maml:para>
        </maml:Description>
        <command:parameterValue required="false" variableLength="false">SwitchParameter</command:parameterValue>
        <dev:type>
          <maml:name>SwitchParameter</maml:name>
          <maml:uri />
        </dev:type>
        <dev:defaultValue>False</dev:defaultValue>
      </command:parameter>
      <command:parameter required="true" variableLength="true" globbing="true" pipelineInput="True (ByPropertyName, ByValue)" position="0" aliases="none">
        <maml:name>Path</maml:name>
        <maml:Description>
          <maml:para>Specifies the path or paths to the files that you want to add to the archive zipped file. To specify multiple paths, and include files in multiple locations, use commas to separate the paths.</maml:para>
          <maml:para>This parameter accepts wildcard characters. Wildcard characters allow you to add all files in a directory to your archive file.</maml:para>
          <maml:para>Using wildcards with a root directory affects the archive's contents:</maml:para>
          <maml:para>- To create an archive that includes the root directory, and all its files and subdirectories,   specify the root directory in the Path without wildcards. For example: `-Path C:\Reference` - To create an archive that excludes the root directory, but zips all its files and   subdirectories, use the asterisk (` `) wildcard. For example: `-Path C:\Reference\ ` - To create an archive that only zips the files in the root directory, use the star-dot-star (` . `) wildcard. Subdirectories of the root aren't included in the archive. For example:   `-Path C:\Reference\ . `</maml:para>
        </maml:Description>
        <command:parameterValue required="true" variableLength="false">String[]</command:parameterValue>
        <dev:type>
          <maml:name>String[]</maml:name>
          <maml:uri />
        </dev:type>
        <dev:defaultValue>None</dev:defaultValue>
      </command:parameter>
      <command:parameter required="true" variableLength="true" globbing="false" pipelineInput="False" position="named" aliases="none">
        <maml:name>Update</maml:name>
        <maml:Description>
          <maml:para>Updates the specified archive by replacing older file versions in the archive with newer file versions that have the same names. You can also add this parameter to add files to an existing archive.</maml:para>
        </maml:Description>
        <command:parameterValue required="false" variableLength="false">SwitchParameter</command:parameterValue>
        <dev:type>
          <maml:name>SwitchParameter</maml:name>
          <maml:uri />
        </dev:type>
        <dev:defaultValue>False</dev:defaultValue>
      </command:parameter>
      <command:parameter required="false" variableLength="true" globbing="false" pipelineInput="False" position="named" aliases="wi">
        <maml:name>WhatIf</maml:name>
        <maml:Description>
          <maml:para>Shows what would happen if the cmdlet runs. The cmdlet isn't run.</maml:para>
        </maml:Description>
        <command:parameterValue required="false" variableLength="false">SwitchParameter</command:parameterValue>
        <dev:type>
          <maml:name>SwitchParameter</maml:name>
          <maml:uri />
        </dev:type>
        <dev:defaultValue>False</dev:defaultValue>
      </command:parameter>
    </command:parameters>
    <command:inputTypes>
      <command:inputType>
        <dev:type>
          <maml:name>System.String</maml:name>
        </dev:type>
        <maml:description>
          <maml:para>You can pipe a string that contains a path to one or more files.</maml:para>
        </maml:description>
      </command:inputType>
    </command:inputTypes>
    <command:returnValues>
      <command:returnValue>
        <dev:type>
          <maml:name>System.IO.FileInfo</maml:name>
        </dev:type>
        <maml:description>
          <maml:para>The cmdlet only returns a FileInfo object when you use the PassThru parameter.</maml:para>
        </maml:description>
      </command:returnValue>
    </command:returnValues>
    <maml:alertSet>
      <maml:alert>
        <maml:para>Using recursion and sending objects down the pipeline can duplicate files in your archive. For example, if you use `Get-ChildItem` with the Recurse parameter, each FileInfo and DirectoryInfo object that's sent down the pipeline is added to the archive.</maml:para>
        <maml:para>The ZIP file specification (https://pkware.cachefly.net/webdocs/casestudies/APPNOTE.TXT)does not specify a standard way of encoding filenames that contain non-ASCII characters. The `Compress-Archive` cmdlet uses UTF-8 encoding. Other ZIP archive tools may use a different encoding scheme. When extracting files with filenames not stored using UTF-8 encoding, `Expand-Archive` uses the raw value found in the archive. This can result in a filename that is different than the source filename stored in the archive.</maml:para>
      </maml:alert>
    </maml:alertSet>
    <command:examples>
      <command:example>
        <maml:title>----- Example 1: Compress files to create an archive file -----</maml:title>
        <dev:code>$compress = @{
  Path = "C:\Reference\Draftdoc.docx", "C:\Reference\Images\*.vsd"
  CompressionLevel = "Fastest"
  DestinationPath = "C:\Archives\Draft.Zip"
}
Compress-Archive @compress</dev:code>
        <dev:remarks>
          <maml:para>The Path parameter accepts specific file names and file names with wildcards, `*.vsd`. The Path uses a comma-separated list to get files from different directories. The compression level is Fastest to reduce processing time. The DestinationPath parameter specifies the location for the `Draft.zip` file. The `Draft.zip` file contains `Draftdoc.docx` and all the files with a `.vsd` extension.</maml:para>
        </dev:remarks>
      </command:example>
      <command:example>
        <maml:title>-------- Example 2: Compress files using a LiteralPath --------</maml:title>
        <dev:code>$compress = @{
LiteralPath= "C:\Reference\Draft Doc.docx", "C:\Reference\Images\diagram2.vsd"
CompressionLevel = "Fastest"
DestinationPath = "C:\Archives\Draft.Zip"
}
Compress-Archive @compress</dev:code>
        <dev:remarks>
          <maml:para>Absolute path and file names are used because the LiteralPath parameter doesn't accept wildcards. The Path uses a comma-separated list to get files from different directories. The compression level is Fastest to reduce processing time. The DestinationPath parameter specifies the location for the `Draft.zip` file. The `Draft.zip` file only contains `Draftdoc.docx` and `diagram2.vsd`.</maml:para>
        </dev:remarks>
      </command:example>
      <command:example>
        <maml:title>Example 3: Compress a directory that includes the root directory</maml:title>
        <dev:code>Compress-Archive -Path C:\Reference -DestinationPath C:\Archives\Draft.zip</dev:code>
        <dev:remarks>
          <maml:para>`Compress-Archive` uses the Path parameter to specify the root directory, `C:\Reference`. The DestinationPath parameter specifies the location for the archive file. The `Draft.zip` archive includes the `Reference` root directory, and all its files and subdirectories.</maml:para>
        </dev:remarks>
      </command:example>
      <command:example>
        <maml:title>Example 4: Compress a directory that excludes the root directory</maml:title>
        <dev:code>Compress-Archive -Path C:\Reference\* -DestinationPath C:\Archives\Draft.zip</dev:code>
        <dev:remarks>
          <maml:para>`Compress-Archive` uses the Path parameter to specify the root directory, `C:\Reference` with an asterisk (` `) wildcard. The DestinationPath * parameter specifies the location for the archive file. The `Draft.zip` archive contains the root directory's files and subdirectories. The `Reference` root directory is excluded from the archive.</maml:para>
        </dev:remarks>
      </command:example>
      <command:example>
        <maml:title>---- Example 5: Compress only the files in a root directory ----</maml:title>
        <dev:code>Compress-Archive -Path C:\Reference\*.* -DestinationPath C:\Archives\Draft.zip</dev:code>
        <dev:remarks>
          <maml:para>`Compress-Archive` uses the Path parameter to specify the root directory, `C:\Reference` with a star-dot-star (` . `) wildcard. The DestinationPath parameter specifies the location for the archive file. The `Draft.zip` archive only contains the `Reference` root directory's files and the root directory is excluded.</maml:para>
        </dev:remarks>
      </command:example>
      <command:example>
        <maml:title>--------- Example 6: Use the pipeline to archive files ---------</maml:title>
        <dev:code>Get-ChildItem -Path C:\Reference\Afile.txt, C:\Reference\Images\Bfile.txt |
  Compress-Archive -DestinationPath C:\Archives\PipelineFiles.zip</dev:code>
        <dev:remarks>
          <maml:para>`Get-ChildItem` uses the Path parameter to specify two files from different directories. Each file is represented by a FileInfo object and is sent down the pipeline to `Compress-Archive`. The two specified files are archived in `PipelineFiles.zip`.</maml:para>
        </dev:remarks>
      </command:example>
      <command:example>
        <maml:title>------ Example 7: Use the pipeline to archive a directory ------</maml:title>
        <dev:code>Get-ChildItem -Path C:\LogFiles | Compress-Archive -DestinationPath C:\Archives\PipelineDir.zip</dev:code>
        <dev:remarks>
          <maml:para>`Get-ChildItem` uses the Path parameter to specify the `C:\LogFiles` root directory. Each FileInfo and DirectoryInfo object is sent down the pipeline.</maml:para>
          <maml:para>`Compress-Archive` adds each object to the `PipelineDir.zip` archive. The Path parameter isn't specified because the pipeline objects are received into parameter position 0.</maml:para>
        </dev:remarks>
      </command:example>
      <command:example>
        <maml:title>--------- Example 8: How recursion can affect archives ---------</maml:title>
        <dev:code>Get-ChildItem -Path C:\TestLog -Recurse |
  Compress-Archive -DestinationPath C:\Archives\PipelineRecurse.zip</dev:code>
        <dev:remarks>
          <maml:para>The `C:\TestLog` directory doesn't contain any files. It does contain a subdirectory named `testsub` that contains the `testlog.txt` file.</maml:para>
          <maml:para>`Get-ChildItem` uses the Path parameter to specify the root directory, `C:\TestLog`. The Recurse parameter processes the files and directories. A DirectoryInfo object is created for `testsub` and a FileInfo object `testlog.txt`.</maml:para>
          <maml:para>Each object is sent down the pipeline to `Compress-Archive`. The DestinationPath specifies the location for the archive file. The Path parameter isn't specified because the pipeline objects are received into parameter position 0.</maml:para>
          <maml:para>The following summary describes the `PipelineRecurse.zip` archive's contents that contains a duplicate file:</maml:para>
          <maml:para>- The DirectoryInfo object creates the `testsub` directory and contains the `testlog.txt` file,   which reflects the original directory structure. - The FileInfo object creates a duplicate `testlog.txt` in the archive's root. The duplicate   file is created because recursion sent a file object to `Compress-Archive`. This behavior is   expected because each object sent down the pipeline is added to the archive.</maml:para>
        </dev:remarks>
      </command:example>
      <command:example>
        <maml:title>---------- Example 9: Update an existing archive file ----------</maml:title>
        <dev:code>Compress-Archive -Path C:\Reference -Update -DestinationPath C:\Archives\Draft.Zip</dev:code>
        <dev:remarks>
          <maml:para>The command updates `Draft.Zip` with newer versions of existing files in the `C:\Reference` directory and its subdirectories. And, new files that were added to `C:\Reference` or its subdirectories are included in the updated `Draft.Zip` archive.</maml:para>
        </dev:remarks>
      </command:example>
    </command:examples>
    <command:relatedLinks>
      <maml:navigationLink>
        <maml:linkText>Online Version:</maml:linkText>
        <maml:uri>https://docs.microsoft.com/powershell/module/microsoft.powershell.archive/compress-archive?view=powershell-7&amp;WT.mc_id=ps-gethelp</maml:uri>
      </maml:navigationLink>
      <maml:navigationLink>
        <maml:linkText>Expand-Archive</maml:linkText>
        <maml:uri></maml:uri>
      </maml:navigationLink>
      <maml:navigationLink>
        <maml:linkText>Get-ChildItem</maml:linkText>
        <maml:uri></maml:uri>
      </maml:navigationLink>
    </command:relatedLinks>
  </command:command>
  <command:command xmlns:maml="http://schemas.microsoft.com/maml/2004/10" xmlns:command="http://schemas.microsoft.com/maml/dev/command/2004/10" xmlns:dev="http://schemas.microsoft.com/maml/dev/2004/10" xmlns:MSHelp="http://msdn.microsoft.com/mshelp">
    <command:details>
      <command:name>Expand-Archive</command:name>
      <command:verb>Expand</command:verb>
      <command:noun>Archive</command:noun>
      <maml:description>
        <maml:para>Extracts files from a specified archive (zipped) file.</maml:para>
      </maml:description>
    </command:details>
    <maml:description>
      <maml:para>The `Expand-Archive` cmdlet extracts files from a specified zipped archive file to a specified destination folder. An archive file allows multiple files to be packaged, and optionally compressed, into a single zipped file for easier distribution and storage.</maml:para>
    </maml:description>
    <command:syntax>
      <command:syntaxItem>
        <maml:name>Expand-Archive</maml:name>
        <command:parameter required="false" variableLength="true" globbing="false" pipelineInput="False" position="1" aliases="none">
          <maml:name>DestinationPath</maml:name>
          <maml:Description>
            <maml:para>Specifies the path to the folder in which you want the command to save extracted files. Enter the path to a folder, but do not specify a filename or filename extension.</maml:para>
          </maml:Description>
          <command:parameterValue required="true" variableLength="false">String</command:parameterValue>
          <dev:type>
            <maml:name>String</maml:name>
            <maml:uri />
          </dev:type>
          <dev:defaultValue>Current location</dev:defaultValue>
        </command:parameter>
        <command:parameter required="false" variableLength="true" globbing="false" pipelineInput="False" position="named" aliases="none">
          <maml:name>Force</maml:name>
          <maml:Description>
            <maml:para>Forces the command to run without asking for user confirmation.</maml:para>
          </maml:Description>
          <dev:type>
            <maml:name>SwitchParameter</maml:name>
            <maml:uri />
          </dev:type>
          <dev:defaultValue>False</dev:defaultValue>
        </command:parameter>
        <command:parameter required="true" variableLength="true" globbing="false" pipelineInput="True (ByPropertyName)" position="named" aliases="PSPath">
          <maml:name>LiteralPath</maml:name>
          <maml:Description>
            <maml:para>Specifies the path to an archive file. Unlike the Path parameter, the value of LiteralPath is used exactly as it is typed. Wildcard characters are not supported. If the path includes escape characters, enclose each escape character in single quotation marks, to instruct PowerShell not to interpret any characters as escape sequences.</maml:para>
          </maml:Description>
          <command:parameterValue required="true" variableLength="false">String</command:parameterValue>
          <dev:type>
            <maml:name>String</maml:name>
            <maml:uri />
          </dev:type>
          <dev:defaultValue>None</dev:defaultValue>
        </command:parameter>
        <command:parameter required="false" variableLength="true" globbing="false" pipelineInput="False" position="named" aliases="none">
          <maml:name>PassThru</maml:name>
          <maml:Description>
            <maml:para>Causes the cmdlet to output a list of the files expanded from the archive.</maml:para>
          </maml:Description>
          <dev:type>
            <maml:name>SwitchParameter</maml:name>
            <maml:uri />
          </dev:type>
          <dev:defaultValue>False</dev:defaultValue>
        </command:parameter>
        <command:parameter required="false" variableLength="true" globbing="false" pipelineInput="False" position="named" aliases="cf">
          <maml:name>Confirm</maml:name>
          <maml:Description>
            <maml:para>Prompts you for confirmation before running the cmdlet.</maml:para>
          </maml:Description>
          <dev:type>
            <maml:name>SwitchParameter</maml:name>
            <maml:uri />
          </dev:type>
          <dev:defaultValue>False</dev:defaultValue>
        </command:parameter>
        <command:parameter required="false" variableLength="true" globbing="false" pipelineInput="False" position="named" aliases="wi">
          <maml:name>WhatIf</maml:name>
          <maml:Description>
            <maml:para>Shows what would happen if the cmdlet runs. The cmdlet is not run.</maml:para>
          </maml:Description>
          <dev:type>
            <maml:name>SwitchParameter</maml:name>
            <maml:uri />
          </dev:type>
          <dev:defaultValue>False</dev:defaultValue>
        </command:parameter>
      </command:syntaxItem>
      <command:syntaxItem>
        <maml:name>Expand-Archive</maml:name>
        <command:parameter required="true" variableLength="true" globbing="false" pipelineInput="True (ByPropertyName, ByValue)" position="0" aliases="none">
          <maml:name>Path</maml:name>
          <maml:Description>
            <maml:para>Specifies the path to the archive file.</maml:para>
          </maml:Description>
          <command:parameterValue required="true" variableLength="false">String</command:parameterValue>
          <dev:type>
            <maml:name>String</maml:name>
            <maml:uri />
          </dev:type>
          <dev:defaultValue>None</dev:defaultValue>
        </command:parameter>
        <command:parameter required="false" variableLength="true" globbing="false" pipelineInput="False" position="1" aliases="none">
          <maml:name>DestinationPath</maml:name>
          <maml:Description>
            <maml:para>Specifies the path to the folder in which you want the command to save extracted files. Enter the path to a folder, but do not specify a filename or filename extension.</maml:para>
          </maml:Description>
          <command:parameterValue required="true" variableLength="false">String</command:parameterValue>
          <dev:type>
            <maml:name>String</maml:name>
            <maml:uri />
          </dev:type>
          <dev:defaultValue>Current location</dev:defaultValue>
        </command:parameter>
        <command:parameter required="false" variableLength="true" globbing="false" pipelineInput="False" position="named" aliases="none">
          <maml:name>Force</maml:name>
          <maml:Description>
            <maml:para>Forces the command to run without asking for user confirmation.</maml:para>
          </maml:Description>
          <dev:type>
            <maml:name>SwitchParameter</maml:name>
            <maml:uri />
          </dev:type>
          <dev:defaultValue>False</dev:defaultValue>
        </command:parameter>
        <command:parameter required="false" variableLength="true" globbing="false" pipelineInput="False" position="named" aliases="none">
          <maml:name>PassThru</maml:name>
          <maml:Description>
            <maml:para>Causes the cmdlet to output a list of the files expanded from the archive.</maml:para>
          </maml:Description>
          <dev:type>
            <maml:name>SwitchParameter</maml:name>
            <maml:uri />
          </dev:type>
          <dev:defaultValue>False</dev:defaultValue>
        </command:parameter>
        <command:parameter required="false" variableLength="true" globbing="false" pipelineInput="False" position="named" aliases="cf">
          <maml:name>Confirm</maml:name>
          <maml:Description>
            <maml:para>Prompts you for confirmation before running the cmdlet.</maml:para>
          </maml:Description>
          <dev:type>
            <maml:name>SwitchParameter</maml:name>
            <maml:uri />
          </dev:type>
          <dev:defaultValue>False</dev:defaultValue>
        </command:parameter>
        <command:parameter required="false" variableLength="true" globbing="false" pipelineInput="False" position="named" aliases="wi">
          <maml:name>WhatIf</maml:name>
          <maml:Description>
            <maml:para>Shows what would happen if the cmdlet runs. The cmdlet is not run.</maml:para>
          </maml:Description>
          <dev:type>
            <maml:name>SwitchParameter</maml:name>
            <maml:uri />
          </dev:type>
          <dev:defaultValue>False</dev:defaultValue>
        </command:parameter>
      </command:syntaxItem>
    </command:syntax>
    <command:parameters>
      <command:parameter required="false" variableLength="true" globbing="false" pipelineInput="False" position="1" aliases="none">
        <maml:name>DestinationPath</maml:name>
        <maml:Description>
          <maml:para>Specifies the path to the folder in which you want the command to save extracted files. Enter the path to a folder, but do not specify a filename or filename extension.</maml:para>
        </maml:Description>
        <command:parameterValue required="true" variableLength="false">String</command:parameterValue>
        <dev:type>
          <maml:name>String</maml:name>
          <maml:uri />
        </dev:type>
        <dev:defaultValue>Current location</dev:defaultValue>
      </command:parameter>
      <command:parameter required="false" variableLength="true" globbing="false" pipelineInput="False" position="named" aliases="none">
        <maml:name>Force</maml:name>
        <maml:Description>
          <maml:para>Forces the command to run without asking for user confirmation.</maml:para>
        </maml:Description>
        <command:parameterValue required="false" variableLength="false">SwitchParameter</command:parameterValue>
        <dev:type>
          <maml:name>SwitchParameter</maml:name>
          <maml:uri />
        </dev:type>
        <dev:defaultValue>False</dev:defaultValue>
      </command:parameter>
      <command:parameter required="true" variableLength="true" globbing="false" pipelineInput="True (ByPropertyName)" position="named" aliases="PSPath">
        <maml:name>LiteralPath</maml:name>
        <maml:Description>
          <maml:para>Specifies the path to an archive file. Unlike the Path parameter, the value of LiteralPath is used exactly as it is typed. Wildcard characters are not supported. If the path includes escape characters, enclose each escape character in single quotation marks, to instruct PowerShell not to interpret any characters as escape sequences.</maml:para>
        </maml:Description>
        <command:parameterValue required="true" variableLength="false">String</command:parameterValue>
        <dev:type>
          <maml:name>String</maml:name>
          <maml:uri />
        </dev:type>
        <dev:defaultValue>None</dev:defaultValue>
      </command:parameter>
      <command:parameter required="false" variableLength="true" globbing="false" pipelineInput="False" position="named" aliases="none">
        <maml:name>PassThru</maml:name>
        <maml:Description>
          <maml:para>Causes the cmdlet to output a list of the files expanded from the archive.</maml:para>
        </maml:Description>
        <command:parameterValue required="false" variableLength="false">SwitchParameter</command:parameterValue>
        <dev:type>
          <maml:name>SwitchParameter</maml:name>
          <maml:uri />
        </dev:type>
        <dev:defaultValue>False</dev:defaultValue>
      </command:parameter>
      <command:parameter required="true" variableLength="true" globbing="false" pipelineInput="True (ByPropertyName, ByValue)" position="0" aliases="none">
        <maml:name>Path</maml:name>
        <maml:Description>
          <maml:para>Specifies the path to the archive file.</maml:para>
        </maml:Description>
        <command:parameterValue required="true" variableLength="false">String</command:parameterValue>
        <dev:type>
          <maml:name>String</maml:name>
          <maml:uri />
        </dev:type>
        <dev:defaultValue>None</dev:defaultValue>
      </command:parameter>
      <command:parameter required="false" variableLength="true" globbing="false" pipelineInput="False" position="named" aliases="cf">
        <maml:name>Confirm</maml:name>
        <maml:Description>
          <maml:para>Prompts you for confirmation before running the cmdlet.</maml:para>
        </maml:Description>
        <command:parameterValue required="false" variableLength="false">SwitchParameter</command:parameterValue>
        <dev:type>
          <maml:name>SwitchParameter</maml:name>
          <maml:uri />
        </dev:type>
        <dev:defaultValue>False</dev:defaultValue>
      </command:parameter>
      <command:parameter required="false" variableLength="true" globbing="false" pipelineInput="False" position="named" aliases="wi">
        <maml:name>WhatIf</maml:name>
        <maml:Description>
          <maml:para>Shows what would happen if the cmdlet runs. The cmdlet is not run.</maml:para>
        </maml:Description>
        <command:parameterValue required="false" variableLength="false">SwitchParameter</command:parameterValue>
        <dev:type>
          <maml:name>SwitchParameter</maml:name>
          <maml:uri />
        </dev:type>
        <dev:defaultValue>False</dev:defaultValue>
      </command:parameter>
    </command:parameters>
    <command:inputTypes>
      <command:inputType>
        <dev:type>
          <maml:name>System.String</maml:name>
        </dev:type>
        <maml:description>
          <maml:para>You can pipe a string that contains a path to an existing archive file.</maml:para>
        </maml:description>
      </command:inputType>
    </command:inputTypes>
    <command:returnValues>
      <command:returnValue>
        <dev:type>
          <maml:name>System.IO.FileSystemInfo</maml:name>
        </dev:type>
        <maml:description>
          <maml:para>When the `-PassThru` parameter is used, the cmdlet outputs a list of files that were expanded from the archive.</maml:para>
        </maml:description>
      </command:returnValue>
    </command:returnValues>
    <maml:alertSet>
      <maml:alert>
        <maml:para>The ZIP file specification (https://pkware.cachefly.net/webdocs/casestudies/APPNOTE.TXT)does not specify a standard way of encoding filenames that contain non-ASCII characters. The `Compress-Archive` cmdlet uses UTF-8 encoding. Other ZIP archive tools may use a different encoding scheme. When extracting files with filenames not stored using UTF-8 encoding, `Expand-Archive` uses the raw value found in the archive. This can result in a filename that is different than the source filename stored in the archive.</maml:para>
      </maml:alert>
    </maml:alertSet>
    <command:examples>
      <command:example>
        <maml:title>-------- Example 1: Extract the contents of an archive --------</maml:title>
        <dev:code>Expand-Archive -LiteralPath 'C:\Archives\Draft[v1].Zip' -DestinationPath C:\Reference</dev:code>
        <dev:remarks>
          <maml:para>In this example, the LiteralPath parameter is used because the filename contains characters that could be interpreted as wildcards.</maml:para>
        </dev:remarks>
      </command:example>
      <command:example>
        <maml:title>Example 2: Extract the contents of an archive in the current folder</maml:title>
        <dev:code>Expand-Archive -Path Draftv2.Zip -DestinationPath C:\Reference</dev:code>
        <dev:remarks>
          <maml:para></maml:para>
        </dev:remarks>
      </command:example>
    </command:examples>
    <command:relatedLinks>
      <maml:navigationLink>
        <maml:linkText>Online Version:</maml:linkText>
        <maml:uri>https://docs.microsoft.com/powershell/module/microsoft.powershell.archive/expand-archive?view=powershell-7&amp;WT.mc_id=ps-gethelp</maml:uri>
      </maml:navigationLink>
      <maml:navigationLink>
        <maml:linkText>Compress-Archive</maml:linkText>
        <maml:uri></maml:uri>
      </maml:navigationLink>
    </command:relatedLinks>
  </command:command>
</helpItems>