﻿<?xml version="1.0" encoding="utf-8"?>
<helpItems schema="maml" xmlns="http://msh">
  <command:command xmlns:maml="http://schemas.microsoft.com/maml/2004/10" xmlns:command="http://schemas.microsoft.com/maml/dev/command/2004/10" xmlns:dev="http://schemas.microsoft.com/maml/dev/2004/10" xmlns:MSHelp="http://msdn.microsoft.com/mshelp">
    <command:details>
      <command:name>Start-Transcript</command:name>
      <command:verb>Start</command:verb>
      <command:noun>Transcript</command:noun>
      <maml:description>
        <maml:para>Creates a record of all or part of a PowerShell session to a text file.</maml:para>
      </maml:description>
    </command:details>
    <maml:description>
      <maml:para>The `Start-Transcript` cmdlet creates a record of all or part of a PowerShell session to a text file. The transcript includes all command that the user types and all output that appears on the console.</maml:para>
      <maml:para>Starting in Windows PowerShell 5.0, `Start-Transcript` includes the hostname in the generated file name of all transcripts. This is especially useful when your enterprise's logging is centralized. Files that are created by the `Start-Transcript` cmdlet include random characters in names to prevent potential overwrites or duplication when two or more transcripts are started simultaneously. This also prevents unauthorized discovery of transcripts that are stored in a centralized file share.</maml:para>
    </maml:description>
    <command:syntax>
      <command:syntaxItem>
        <maml:name>Start-Transcript</maml:name>
        <command:parameter required="false" variableLength="true" globbing="false" pipelineInput="False" position="0" aliases="PSPath, LP">
          <maml:name>LiteralPath</maml:name>
          <maml:Description>
            <maml:para>Specifies a location to the transcript file. Unlike the Path parameter, the value of the LiteralPath parameter is used exactly as it is typed. No characters are interpreted as wildcards. If the path includes escape characters, enclose it in single quotation marks. Single quotation marks inform PowerShell not to interpret any characters as escape sequences.</maml:para>
          </maml:Description>
          <command:parameterValue required="true" variableLength="false">String</command:parameterValue>
          <dev:type>
            <maml:name>String</maml:name>
            <maml:uri />
          </dev:type>
          <dev:defaultValue>None</dev:defaultValue>
        </command:parameter>
        <command:parameter required="false" variableLength="true" globbing="false" pipelineInput="False" position="named" aliases="none">
          <maml:name>Append</maml:name>
          <maml:Description>
            <maml:para>Indicates that this cmdlet adds the new transcript to the end of an existing file. Use the Path parameter to specify the file.</maml:para>
          </maml:Description>
          <dev:type>
            <maml:name>SwitchParameter</maml:name>
            <maml:uri />
          </dev:type>
          <dev:defaultValue>False</dev:defaultValue>
        </command:parameter>
        <command:parameter required="false" variableLength="true" globbing="false" pipelineInput="False" position="named" aliases="none">
          <maml:name>Force</maml:name>
          <maml:Description>
            <maml:para>Allows the cmdlet to append the transcript to an existing read-only file. When used on a read-only file, the cmdlet changes the file permission to read-write. The cmdlet cannot override security restrictions when this parameter is used.</maml:para>
          </maml:Description>
          <dev:type>
            <maml:name>SwitchParameter</maml:name>
            <maml:uri />
          </dev:type>
          <dev:defaultValue>False</dev:defaultValue>
        </command:parameter>
        <command:parameter required="false" variableLength="true" globbing="false" pipelineInput="False" position="named" aliases="none">
          <maml:name>IncludeInvocationHeader</maml:name>
          <maml:Description>
            <maml:para>Indicates that this cmdlet logs the time stamp when commands are run.</maml:para>
          </maml:Description>
          <dev:type>
            <maml:name>SwitchParameter</maml:name>
            <maml:uri />
          </dev:type>
          <dev:defaultValue>False</dev:defaultValue>
        </command:parameter>
        <command:parameter required="false" variableLength="true" globbing="false" pipelineInput="False" position="named" aliases="none">
          <maml:name>UseMinimalHeader</maml:name>
          <maml:Description>
            <maml:para>Prepend a short header to the transcript, instead of the detailed header included by default. This parameter was added in PowerShell 6.2.</maml:para>
          </maml:Description>
          <dev:type>
            <maml:name>SwitchParameter</maml:name>
            <maml:uri />
          </dev:type>
          <dev:defaultValue>False</dev:defaultValue>
        </command:parameter>
        <command:parameter required="false" variableLength="true" globbing="false" pipelineInput="False" position="named" aliases="NoOverwrite">
          <maml:name>NoClobber</maml:name>
          <maml:Description>
            <maml:para>Indicates that this cmdlet will not overwrite of an existing file. By default, if a transcript file exists in the specified path, `Start-Transcript` overwrites the file without warning.</maml:para>
          </maml:Description>
          <dev:type>
            <maml:name>SwitchParameter</maml:name>
            <maml:uri />
          </dev:type>
          <dev:defaultValue>False</dev:defaultValue>
        </command:parameter>
        <command:parameter required="false" variableLength="true" globbing="false" pipelineInput="False" position="named" aliases="cf">
          <maml:name>Confirm</maml:name>
          <maml:Description>
            <maml:para>Prompts you for confirmation before running the cmdlet.</maml:para>
          </maml:Description>
          <dev:type>
            <maml:name>SwitchParameter</maml:name>
            <maml:uri />
          </dev:type>
          <dev:defaultValue>False</dev:defaultValue>
        </command:parameter>
        <command:parameter required="false" variableLength="true" globbing="false" pipelineInput="False" position="named" aliases="wi">
          <maml:name>WhatIf</maml:name>
          <maml:Description>
            <maml:para>Shows what would happen if the cmdlet runs. The cmdlet is not run.</maml:para>
          </maml:Description>
          <dev:type>
            <maml:name>SwitchParameter</maml:name>
            <maml:uri />
          </dev:type>
          <dev:defaultValue>False</dev:defaultValue>
        </command:parameter>
      </command:syntaxItem>
      <command:syntaxItem>
        <maml:name>Start-Transcript</maml:name>
        <command:parameter required="false" variableLength="true" globbing="false" pipelineInput="False" position="0" aliases="none">
          <maml:name>OutputDirectory</maml:name>
          <maml:Description>
            <maml:para>Specifies a specific path and folder in which to save a transcript. PowerShell automatically assigns the transcript name.</maml:para>
          </maml:Description>
          <command:parameterValue required="true" variableLength="false">String</command:parameterValue>
          <dev:type>
            <maml:name>String</maml:name>
            <maml:uri />
          </dev:type>
          <dev:defaultValue>None</dev:defaultValue>
        </command:parameter>
        <command:parameter required="false" variableLength="true" globbing="false" pipelineInput="False" position="named" aliases="none">
          <maml:name>Append</maml:name>
          <maml:Description>
            <maml:para>Indicates that this cmdlet adds the new transcript to the end of an existing file. Use the Path parameter to specify the file.</maml:para>
          </maml:Description>
          <dev:type>
            <maml:name>SwitchParameter</maml:name>
            <maml:uri />
          </dev:type>
          <dev:defaultValue>False</dev:defaultValue>
        </command:parameter>
        <command:parameter required="false" variableLength="true" globbing="false" pipelineInput="False" position="named" aliases="none">
          <maml:name>Force</maml:name>
          <maml:Description>
            <maml:para>Allows the cmdlet to append the transcript to an existing read-only file. When used on a read-only file, the cmdlet changes the file permission to read-write. The cmdlet cannot override security restrictions when this parameter is used.</maml:para>
          </maml:Description>
          <dev:type>
            <maml:name>SwitchParameter</maml:name>
            <maml:uri />
          </dev:type>
          <dev:defaultValue>False</dev:defaultValue>
        </command:parameter>
        <command:parameter required="false" variableLength="true" globbing="false" pipelineInput="False" position="named" aliases="none">
          <maml:name>IncludeInvocationHeader</maml:name>
          <maml:Description>
            <maml:para>Indicates that this cmdlet logs the time stamp when commands are run.</maml:para>
          </maml:Description>
          <dev:type>
            <maml:name>SwitchParameter</maml:name>
            <maml:uri />
          </dev:type>
          <dev:defaultValue>False</dev:defaultValue>
        </command:parameter>
        <command:parameter required="false" variableLength="true" globbing="false" pipelineInput="False" position="named" aliases="none">
          <maml:name>UseMinimalHeader</maml:name>
          <maml:Description>
            <maml:para>Prepend a short header to the transcript, instead of the detailed header included by default. This parameter was added in PowerShell 6.2.</maml:para>
          </maml:Description>
          <dev:type>
            <maml:name>SwitchParameter</maml:name>
            <maml:uri />
          </dev:type>
          <dev:defaultValue>False</dev:defaultValue>
        </command:parameter>
        <command:parameter required="false" variableLength="true" globbing="false" pipelineInput="False" position="named" aliases="NoOverwrite">
          <maml:name>NoClobber</maml:name>
          <maml:Description>
            <maml:para>Indicates that this cmdlet will not overwrite of an existing file. By default, if a transcript file exists in the specified path, `Start-Transcript` overwrites the file without warning.</maml:para>
          </maml:Description>
          <dev:type>
            <maml:name>SwitchParameter</maml:name>
            <maml:uri />
          </dev:type>
          <dev:defaultValue>False</dev:defaultValue>
        </command:parameter>
        <command:parameter required="false" variableLength="true" globbing="false" pipelineInput="False" position="named" aliases="cf">
          <maml:name>Confirm</maml:name>
          <maml:Description>
            <maml:para>Prompts you for confirmation before running the cmdlet.</maml:para>
          </maml:Description>
          <dev:type>
            <maml:name>SwitchParameter</maml:name>
            <maml:uri />
          </dev:type>
          <dev:defaultValue>False</dev:defaultValue>
        </command:parameter>
        <command:parameter required="false" variableLength="true" globbing="false" pipelineInput="False" position="named" aliases="wi">
          <maml:name>WhatIf</maml:name>
          <maml:Description>
            <maml:para>Shows what would happen if the cmdlet runs. The cmdlet is not run.</maml:para>
          </maml:Description>
          <dev:type>
            <maml:name>SwitchParameter</maml:name>
            <maml:uri />
          </dev:type>
          <dev:defaultValue>False</dev:defaultValue>
        </command:parameter>
      </command:syntaxItem>
      <command:syntaxItem>
        <maml:name>Start-Transcript</maml:name>
        <command:parameter required="false" variableLength="true" globbing="false" pipelineInput="False" position="0" aliases="none">
          <maml:name>Path</maml:name>
          <maml:Description>
            <maml:para>Specifies a location to the transcript file. Enter a path to a .txt file. Wildcards are not permitted.</maml:para>
            <maml:para>If you do not specify a path, `Start-Transcript` uses the path in the value of the $Transcript global variable. If you have not created this variable, `Start-Transcript` stores the transcripts in the `$Home\My Documents directory as \PowerShell_transcript.&lt;time-stamp&gt;.txt` files.</maml:para>
            <maml:para>If any of the directories in the path do not exist, the command fails.</maml:para>
          </maml:Description>
          <command:parameterValue required="true" variableLength="false">String</command:parameterValue>
          <dev:type>
            <maml:name>String</maml:name>
            <maml:uri />
          </dev:type>
          <dev:defaultValue>None</dev:defaultValue>
        </command:parameter>
        <command:parameter required="false" variableLength="true" globbing="false" pipelineInput="False" position="named" aliases="none">
          <maml:name>Append</maml:name>
          <maml:Description>
            <maml:para>Indicates that this cmdlet adds the new transcript to the end of an existing file. Use the Path parameter to specify the file.</maml:para>
          </maml:Description>
          <dev:type>
            <maml:name>SwitchParameter</maml:name>
            <maml:uri />
          </dev:type>
          <dev:defaultValue>False</dev:defaultValue>
        </command:parameter>
        <command:parameter required="false" variableLength="true" globbing="false" pipelineInput="False" position="named" aliases="none">
          <maml:name>Force</maml:name>
          <maml:Description>
            <maml:para>Allows the cmdlet to append the transcript to an existing read-only file. When used on a read-only file, the cmdlet changes the file permission to read-write. The cmdlet cannot override security restrictions when this parameter is used.</maml:para>
          </maml:Description>
          <dev:type>
            <maml:name>SwitchParameter</maml:name>
            <maml:uri />
          </dev:type>
          <dev:defaultValue>False</dev:defaultValue>
        </command:parameter>
        <command:parameter required="false" variableLength="true" globbing="false" pipelineInput="False" position="named" aliases="none">
          <maml:name>IncludeInvocationHeader</maml:name>
          <maml:Description>
            <maml:para>Indicates that this cmdlet logs the time stamp when commands are run.</maml:para>
          </maml:Description>
          <dev:type>
            <maml:name>SwitchParameter</maml:name>
            <maml:uri />
          </dev:type>
          <dev:defaultValue>False</dev:defaultValue>
        </command:parameter>
        <command:parameter required="false" variableLength="true" globbing="false" pipelineInput="False" position="named" aliases="none">
          <maml:name>UseMinimalHeader</maml:name>
          <maml:Description>
            <maml:para>Prepend a short header to the transcript, instead of the detailed header included by default. This parameter was added in PowerShell 6.2.</maml:para>
          </maml:Description>
          <dev:type>
            <maml:name>SwitchParameter</maml:name>
            <maml:uri />
          </dev:type>
          <dev:defaultValue>False</dev:defaultValue>
        </command:parameter>
        <command:parameter required="false" variableLength="true" globbing="false" pipelineInput="False" position="named" aliases="NoOverwrite">
          <maml:name>NoClobber</maml:name>
          <maml:Description>
            <maml:para>Indicates that this cmdlet will not overwrite of an existing file. By default, if a transcript file exists in the specified path, `Start-Transcript` overwrites the file without warning.</maml:para>
          </maml:Description>
          <dev:type>
            <maml:name>SwitchParameter</maml:name>
            <maml:uri />
          </dev:type>
          <dev:defaultValue>False</dev:defaultValue>
        </command:parameter>
        <command:parameter required="false" variableLength="true" globbing="false" pipelineInput="False" position="named" aliases="cf">
          <maml:name>Confirm</maml:name>
          <maml:Description>
            <maml:para>Prompts you for confirmation before running the cmdlet.</maml:para>
          </maml:Description>
          <dev:type>
            <maml:name>SwitchParameter</maml:name>
            <maml:uri />
          </dev:type>
          <dev:defaultValue>False</dev:defaultValue>
        </command:parameter>
        <command:parameter required="false" variableLength="true" globbing="false" pipelineInput="False" position="named" aliases="wi">
          <maml:name>WhatIf</maml:name>
          <maml:Description>
            <maml:para>Shows what would happen if the cmdlet runs. The cmdlet is not run.</maml:para>
          </maml:Description>
          <dev:type>
            <maml:name>SwitchParameter</maml:name>
            <maml:uri />
          </dev:type>
          <dev:defaultValue>False</dev:defaultValue>
        </command:parameter>
      </command:syntaxItem>
    </command:syntax>
    <command:parameters>
      <command:parameter required="false" variableLength="true" globbing="false" pipelineInput="False" position="named" aliases="none">
        <maml:name>Append</maml:name>
        <maml:Description>
          <maml:para>Indicates that this cmdlet adds the new transcript to the end of an existing file. Use the Path parameter to specify the file.</maml:para>
        </maml:Description>
        <command:parameterValue required="false" variableLength="false">SwitchParameter</command:parameterValue>
        <dev:type>
          <maml:name>SwitchParameter</maml:name>
          <maml:uri />
        </dev:type>
        <dev:defaultValue>False</dev:defaultValue>
      </command:parameter>
      <command:parameter required="false" variableLength="true" globbing="false" pipelineInput="False" position="named" aliases="none">
        <maml:name>Force</maml:name>
        <maml:Description>
          <maml:para>Allows the cmdlet to append the transcript to an existing read-only file. When used on a read-only file, the cmdlet changes the file permission to read-write. The cmdlet cannot override security restrictions when this parameter is used.</maml:para>
        </maml:Description>
        <command:parameterValue required="false" variableLength="false">SwitchParameter</command:parameterValue>
        <dev:type>
          <maml:name>SwitchParameter</maml:name>
          <maml:uri />
        </dev:type>
        <dev:defaultValue>False</dev:defaultValue>
      </command:parameter>
      <command:parameter required="false" variableLength="true" globbing="false" pipelineInput="False" position="named" aliases="none">
        <maml:name>IncludeInvocationHeader</maml:name>
        <maml:Description>
          <maml:para>Indicates that this cmdlet logs the time stamp when commands are run.</maml:para>
        </maml:Description>
        <command:parameterValue required="false" variableLength="false">SwitchParameter</command:parameterValue>
        <dev:type>
          <maml:name>SwitchParameter</maml:name>
          <maml:uri />
        </dev:type>
        <dev:defaultValue>False</dev:defaultValue>
      </command:parameter>
      <command:parameter required="false" variableLength="true" globbing="false" pipelineInput="False" position="named" aliases="none">
        <maml:name>UseMinimalHeader</maml:name>
        <maml:Description>
          <maml:para>Prepend a short header to the transcript, instead of the detailed header included by default. This parameter was added in PowerShell 6.2.</maml:para>
        </maml:Description>
        <command:parameterValue required="false" variableLength="false">SwitchParameter</command:parameterValue>
        <dev:type>
          <maml:name>SwitchParameter</maml:name>
          <maml:uri />
        </dev:type>
        <dev:defaultValue>False</dev:defaultValue>
      </command:parameter>
      <command:parameter required="false" variableLength="true" globbing="false" pipelineInput="False" position="0" aliases="PSPath, LP">
        <maml:name>LiteralPath</maml:name>
        <maml:Description>
          <maml:para>Specifies a location to the transcript file. Unlike the Path parameter, the value of the LiteralPath parameter is used exactly as it is typed. No characters are interpreted as wildcards. If the path includes escape characters, enclose it in single quotation marks. Single quotation marks inform PowerShell not to interpret any characters as escape sequences.</maml:para>
        </maml:Description>
        <command:parameterValue required="true" variableLength="false">String</command:parameterValue>
        <dev:type>
          <maml:name>String</maml:name>
          <maml:uri />
        </dev:type>
        <dev:defaultValue>None</dev:defaultValue>
      </command:parameter>
      <command:parameter required="false" variableLength="true" globbing="false" pipelineInput="False" position="named" aliases="NoOverwrite">
        <maml:name>NoClobber</maml:name>
        <maml:Description>
          <maml:para>Indicates that this cmdlet will not overwrite of an existing file. By default, if a transcript file exists in the specified path, `Start-Transcript` overwrites the file without warning.</maml:para>
        </maml:Description>
        <command:parameterValue required="false" variableLength="false">SwitchParameter</command:parameterValue>
        <dev:type>
          <maml:name>SwitchParameter</maml:name>
          <maml:uri />
        </dev:type>
        <dev:defaultValue>False</dev:defaultValue>
      </command:parameter>
      <command:parameter required="false" variableLength="true" globbing="false" pipelineInput="False" position="0" aliases="none">
        <maml:name>OutputDirectory</maml:name>
        <maml:Description>
          <maml:para>Specifies a specific path and folder in which to save a transcript. PowerShell automatically assigns the transcript name.</maml:para>
        </maml:Description>
        <command:parameterValue required="true" variableLength="false">String</command:parameterValue>
        <dev:type>
          <maml:name>String</maml:name>
          <maml:uri />
        </dev:type>
        <dev:defaultValue>None</dev:defaultValue>
      </command:parameter>
      <command:parameter required="false" variableLength="true" globbing="false" pipelineInput="False" position="0" aliases="none">
        <maml:name>Path</maml:name>
        <maml:Description>
          <maml:para>Specifies a location to the transcript file. Enter a path to a .txt file. Wildcards are not permitted.</maml:para>
          <maml:para>If you do not specify a path, `Start-Transcript` uses the path in the value of the $Transcript global variable. If you have not created this variable, `Start-Transcript` stores the transcripts in the `$Home\My Documents directory as \PowerShell_transcript.&lt;time-stamp&gt;.txt` files.</maml:para>
          <maml:para>If any of the directories in the path do not exist, the command fails.</maml:para>
        </maml:Description>
        <command:parameterValue required="true" variableLength="false">String</command:parameterValue>
        <dev:type>
          <maml:name>String</maml:name>
          <maml:uri />
        </dev:type>
        <dev:defaultValue>None</dev:defaultValue>
      </command:parameter>
      <command:parameter required="false" variableLength="true" globbing="false" pipelineInput="False" position="named" aliases="cf">
        <maml:name>Confirm</maml:name>
        <maml:Description>
          <maml:para>Prompts you for confirmation before running the cmdlet.</maml:para>
        </maml:Description>
        <command:parameterValue required="false" variableLength="false">SwitchParameter</command:parameterValue>
        <dev:type>
          <maml:name>SwitchParameter</maml:name>
          <maml:uri />
        </dev:type>
        <dev:defaultValue>False</dev:defaultValue>
      </command:parameter>
      <command:parameter required="false" variableLength="true" globbing="false" pipelineInput="False" position="named" aliases="wi">
        <maml:name>WhatIf</maml:name>
        <maml:Description>
          <maml:para>Shows what would happen if the cmdlet runs. The cmdlet is not run.</maml:para>
        </maml:Description>
        <command:parameterValue required="false" variableLength="false">SwitchParameter</command:parameterValue>
        <dev:type>
          <maml:name>SwitchParameter</maml:name>
          <maml:uri />
        </dev:type>
        <dev:defaultValue>False</dev:defaultValue>
      </command:parameter>
    </command:parameters>
    <command:inputTypes>
      <command:inputType>
        <dev:type>
          <maml:name>None</maml:name>
        </dev:type>
        <maml:description>
          <maml:para>You cannot pipe objects to this cmdlet.</maml:para>
        </maml:description>
      </command:inputType>
    </command:inputTypes>
    <command:returnValues>
      <command:returnValue>
        <dev:type>
          <maml:name>System.String</maml:name>
        </dev:type>
        <maml:description>
          <maml:para>This cmdlet returns a string that contains a confirmation message and the path to the output file.</maml:para>
        </maml:description>
      </command:returnValue>
    </command:returnValues>
    <maml:alertSet>
      <maml:alert>
        <maml:para>To stop a transcript, use the `Stop-Transcript` cmdlet.</maml:para>
        <maml:para>To record an entire session, add the `Start-Transcript` command to your profile. For more information, see about_Profiles (../Microsoft.PowerShell.Core/About/about_Profiles.md).</maml:para>
      </maml:alert>
    </maml:alertSet>
    <command:examples>
      <command:example>
        <maml:title>--- Example 1: Start a transcript file with default settings ---</maml:title>
        <dev:code>Start-Transcript</dev:code>
        <dev:remarks>
          <maml:para>This command starts a transcript in the default file location.</maml:para>
        </dev:remarks>
      </command:example>
      <command:example>
        <maml:title>-- Example 2: Start a transcript file at a specific location --</maml:title>
        <dev:code>Start-Transcript -Path "C:\transcripts\transcript0.txt" -NoClobber</dev:code>
        <dev:remarks>
          <maml:para>This command starts a transcript in the Transcript0.txt file in C:\transcripts. Since the NoClobber parameter is used, the command prevents any existing files from being overwritten. If the `Transcript0.txt` file already exists, the command fails.</maml:para>
        </dev:remarks>
      </command:example>
    </command:examples>
    <command:relatedLinks>
      <maml:navigationLink>
        <maml:linkText>Online Version:</maml:linkText>
        <maml:uri>https://docs.microsoft.com/powershell/module/microsoft.powershell.host/start-transcript?view=powershell-7&amp;WT.mc_id=ps-gethelp</maml:uri>
      </maml:navigationLink>
      <maml:navigationLink>
        <maml:linkText>Stop-Transcript</maml:linkText>
        <maml:uri></maml:uri>
      </maml:navigationLink>
    </command:relatedLinks>
  </command:command>
  <command:command xmlns:maml="http://schemas.microsoft.com/maml/2004/10" xmlns:command="http://schemas.microsoft.com/maml/dev/command/2004/10" xmlns:dev="http://schemas.microsoft.com/maml/dev/2004/10" xmlns:MSHelp="http://msdn.microsoft.com/mshelp">
    <command:details>
      <command:name>Stop-Transcript</command:name>
      <command:verb>Stop</command:verb>
      <command:noun>Transcript</command:noun>
      <maml:description>
        <maml:para>Stops a transcript.</maml:para>
      </maml:description>
    </command:details>
    <maml:description>
      <maml:para>The `Stop-Transcript` cmdlet stops a transcript that was started by the `Start-Transcript` cmdlet. Alternatively, you can end a session to stop a transcript.</maml:para>
    </maml:description>
    <command:syntax>
      <command:syntaxItem>
        <maml:name>Stop-Transcript</maml:name>
      </command:syntaxItem>
    </command:syntax>
    <command:parameters />
    <command:inputTypes>
      <command:inputType>
        <dev:type>
          <maml:name>None</maml:name>
        </dev:type>
        <maml:description>
          <maml:para>You cannot pipe input to this cmdlet.</maml:para>
        </maml:description>
      </command:inputType>
    </command:inputTypes>
    <command:returnValues>
      <command:returnValue>
        <dev:type>
          <maml:name>System.String</maml:name>
        </dev:type>
        <maml:description>
          <maml:para>This cmdlet returns a string that contains a status message and the path to the output file.</maml:para>
        </maml:description>
      </command:returnValue>
    </command:returnValues>
    <maml:alertSet>
      <maml:alert>
        <maml:para>* If a transcript has not been started, the command fails.</maml:para>
        <maml:para>*</maml:para>
      </maml:alert>
    </maml:alertSet>
    <command:examples>
      <command:example>
        <maml:title>--------------- Example 1: Stop all transcripts ---------------</maml:title>
        <dev:code>Stop-Transcript</dev:code>
        <dev:remarks>
          <maml:para>This command stops all transcripts.</maml:para>
        </dev:remarks>
      </command:example>
    </command:examples>
    <command:relatedLinks>
      <maml:navigationLink>
        <maml:linkText>Online Version:</maml:linkText>
        <maml:uri>https://docs.microsoft.com/powershell/module/microsoft.powershell.host/stop-transcript?view=powershell-7&amp;WT.mc_id=ps-gethelp</maml:uri>
      </maml:navigationLink>
      <maml:navigationLink>
        <maml:linkText>Start-Transcript</maml:linkText>
        <maml:uri></maml:uri>
      </maml:navigationLink>
    </command:relatedLinks>
  </command:command>
</helpItems>